,customer_id,customer_name,review_head,review_body,review_date,ratings
0,customer_review-R3T27LVOWUG1V8,Amazon Customer,Interesting Experiment with photography,purchased 50918 rs 3999 lightning deal colour cobalt blue delivered 110918 camera used first time 170918 vishwakarma puja films camera case purchased separately market cheaper online rate camera made thailand camera functioned well far however battery cover become loose within 3days novice normal photogaphy ie use point shoot cameras mobile phones reviewers described fuji instax mini toy agree like experimenting photography try like something fun try instant camera means one chance photo may good bad depending handle itbut process immensely satisfying strive improve camera comes good instruction sheet read carefully also watch online instruction videos google fuji instax mini 9 come across several show detail load battery films start taking photos watched films took first photo came quite nicely camera suggests lightning strongly recommend follow become expert instant photography charm see photos develop instantly pleasure taking autograph spot take photo someone admire presenting photo someone load film cartridge exactly given instructions open foil preferably dimly lighted room slip cartridge insidesee videos press shutter film cover pop camera show 10 films loaded ready use take photos camera indicate many films left photo takes 3 minutes develop fully shake photo put gently flat surface away strong light 3 mins show everyone store photos albums use closeup lens get good photos distance 35 50cm without lens 60cm 25m instant photography people hurry films expensive patient take photos times better results come photographer sit take instant photo took first photo sitting bench yet taken selfie cant comment aspect photos small size like atm cardso plan photos take eg take full figure person photographed look tiny childhood days black white photography nondigital film cameras box camera called small square photos used developed photos instax mini type though square old black white photos home give idea size subject photos initially wanted camera colours followed amazon pricing one year plunged lightning deal took decision buy recentlyafter someone took instant photo expensive camera presented fuji instax mini cheapest among instant cameras try get addicted,2018-10-04,4.0
1,customer_review-R1SUE68HQW0Z9H,arushi,Instax mini 9 bad performance,dont lyk dis product ol complete waste money guys buy bad pictures,2018-11-08,1.0
2,customer_review-R2MBXZ7C10TEMR,Hem Sadan,Detailed hands-on review after using Instax Mini 9,instax mini 8 one favourite fun camera instant photo lovers keeping popularity mind fujifilm launched new instax mini 9 minor upgrades unlike countries instax mini 8 indian market successful attempt due less popularity instant cameras turn tables fujifilm come updated version equipped selfie mirror minor upgrades let get details box 1 camera 2 two aa non rechargeable batteries 3 strap 4 closeup lens 5 manuals sticker warranty card design unique retro design attractive pastel shades one major reason people love camera instant camera fujifilm keeping retro look intact renewed colour range cool colours like cobalt blue lime green ice blue flamingo pink smokey white weighs around 350 grams battery measures 456 x 466 x 269 inch also built plastic thats make look like toy camera improvements design includes tiny selfie mirror front camera lure selfie lovers close lens attachment help capture macro shots precisely hardware camera features 60 mm lens f127 aperture flash always light whether indoor outdoor also houses light sensor helps automatically adjust exposure per lighting condition need turn dial per indicator dedicated high key mode addition model maximize brightness comes set two aa batteries instead would recommend use rechargeable batteries need buy separately save bucks also photo count analogue meter back counts number shots remaining performance camera fun meant click ultra hd pictures like dslr better compare instant camera expect kind connectivity device want fun camera buy else regret press power button located near lens turn camera lens pop adjust exposure using rotating dial desired position suggested light sensor ready click retro looking pics clicking photo camera extract photo print top camera 23 seconds get shocked viewing blank picture photo take minute two get fully developed use first buy photo cartridge available market separately pocket friendly price putting cartridge camera able click 10 pictures inserting new cartridge verdict overall look feel camera like toy sharp edges eye soothing colour also process clicking photos really simple cost per photo economical per opinion everyone seeks buy camera since fun good budget spend instant camera many options better clarity larger photo capabilities ps review products amazon help fellow customers taking wise decisions try ensure everyones hard earned money get full worth always makes day know people find reviews helpful feel free comment queries,2017-10-13,4.0
3,customer_review-R260DY0QNGL958,Amazon Customer,Worth the money!!,happy purchase picture quality amazing selfie mirror great add useful,2019-05-08,5.0
4,customer_review-R3TBLFU0955NPB,Duarah.,Perfect.,reached full packaging tested first shot films perfect also expiry date 2 years im fully satisfied,2018-10-23,5.0
5,customer_review-R1T7D2BF0R1QMM,suwedh l.,High altitude,dont use high altitudes film capture air able print,2019-08-17,5.0
6,customer_review-R13LRRVPDV5H92,Uncanny pote,Loved it,great product little problem roll getting stuck using duracell battery works using nearly 9 months still works like charm picture quality better take pics outside indoors results tend bit dark,2018-09-09,4.0
7,customer_review-R386T7UHF91C1E,Sreerag,Good camera for Instant memories,pros easy use good colours options selfie mirror actually useful decent quality pictures cons digital version photograph available thats right considering price cam expensive film catridge 1000rs 20 pictures 50rs per photo,2019-06-12,5.0
8,customer_review-R1IEYSON193TFQ,Ishika Jain,DOESN'T WORK DON'T BUY,ordered camera around 2 weeks ago first photo worked stopped working films started come blank kept trying hardly 5 films worked 20 films wasted opinion would buy camera waste time money strictly safe buy,2018-10-27,1.0
9,customer_review-R3KL3SWO45B7DO,Swathi D B,Most desired product,wanted take camera long time got film need take seperately quite expensive better thing collect memories people wants create memory book helps alot,2019-04-08,5.0
10,customer_review-R37IPQJM14GP37,Raunak Hajela,Fake Product. I received an unsealed product twice,buy first time thought maybe happens repeated twice product box folded lines plus replacement delayed 2 days planning gift someone useless,2018-11-05,1.0
11,customer_review-R128IOAWW48ZI4,YS,Bought for a reasonable price,colour classy body sturdy photos square thought small vertical rectangle bought 3400rs bought emi hdfc amazon gave discount interest emi finally got 3100 rs wait track days see get best deal,2018-11-06,5.0
12,customer_review-R3MDBUTH6YHWPS,Divya,Amazing Buy,loved camera loved color still getting hold click good pictures far noticed pictures comes best duskdawn time,2018-03-15,4.0
13,customer_review-R3OTHYEZDD18DQ,Lakshmi P.,Don't buy it,poor quality camera seen customer service response poor completely trick us illogical return option benefit customers worth even free,2018-11-07,1.0
14,customer_review-RW852BZNU8HEZ,ContentMonk,Good until the horror of expensive underexposed photos gets to you,pictures always gonna darker side unless youre super bright environment size camera makes tad cumbersome use novelty getting pic developed right front eyes though thing works favour dont know long thatll sustain though given expensive buy cartridge underexposed photos,2018-10-20,3.0
15,customer_review-R3GYMZYT4ZFHH1,Prerana Keshav,This was a scam.,5 films supposed come pack 3 far duds first two camera able take photos despite batteries newly replaced film correctly loaded third pack wont eject cover shoot photos film making 10 shots useless cant even return open use film check disappointed,2019-02-11,1.0
16,customer_review-RPMHJWV7SLD5J,Rohan Dawar,Excellent,good investment capture memories print image instantly careful surrounding taking image sometimes images printed dark due low light surrounding print selfies best per,2018-12-06,5.0
17,customer_review-R18HN3Q1ZDY7LY,Bhargavi Priyanka,Excited!,candid loved feel,2019-05-06,5.0
18,customer_review-R3BWJS3EY83DZY,Jatin Hatwal,Shoot and obtain pictures in seconds.,instax mini 9 instant camera comes brightness adjustment dialthe camera automatically determines best brightness taking picture lights suitable setting based surroundingsturn brightness adjustment dial lit settings take bright photos selfie mirror check framing selfie mirror next lens hikey mode take photo easily highkey modesetting brightness adjustment dial highkey mode allows take pictures softer impression closeup lens attachment closeup shooting upto 35cm away possible instax mini9 instant camera specifications shutter shutter speed 160 sec auto power time 5 min power supply two aasize 15v alkaline batteries capacity 100 shots approximately 10 instax mini film packs new aa batteries others exposure counter number unexposed films film pack confirmation window dimensions weight 116mm x 1183mm x 682mm 307g without batteries strap film pack,2019-11-04,5.0
19,customer_review-R7FTXNTX3IX0P,Debjyoti Sikdar,Wonderful quality,surprised see cheap camera good picture quality however though might sound simple one perfectly follow instructions become pretty easy use also made plastic im unsure durability,2018-12-29,5.0
20,customer_review-R2R7LIVZ85STJA,Saayujjya Gurung,Looovvveeeeee INSTAXXX,need polaroid compromise picture quality heavy budget go amazing product fujifilm instax mini9 love girlfriend loves birthday gift reader go regrets purchase fo surexp,2018-10-25,5.0
21,customer_review-R3QXMZYKUFNGPI,Kunwar Bhavendra,Everyone should try it...!!!,nowdays people smartphones need particular camera gor got try inspant prints exciting diary creative wall hangingsloved,2018-08-24,5.0
22,customer_review-R3HGO0PCDL35Z5,Amazon Customer,Five Stars,nice product handy teens,2018-04-14,5.0
23,customer_review-R27IKLQOU9RA49,Jaidev Shah,My little one is delighted!!!,thought would good start daughter take photos easily able use camera photo quality good low brightness starter fun camera cannot complain serious buyers consider higher models,2019-06-04,5.0
24,customer_review-R5HJX2GL550AS,Hem Sadan,Detailed hands-on review after using Instax Mini 9,instax mini 8 one favourite fun camera instant photo lovers keeping popularity mind fujifilm launched new instax mini 9 minor upgrades unlike countries instax mini 8 indian market successful attempt due less popularity instant cameras turn tables fujifilm come updated version equipped selfie mirror minor upgrades let get details box 1 camera 2 two aa non rechargeable batteries 3 strap 4 closeup lens 5 manuals sticker warranty card design unique retro design attractive pastel shades one major reason people love camera instant camera fujifilm keeping retro look intact renewed colour range cool colours like cobalt blue lime green ice blue flamingo pink smokey white weighs around 350 grams battery measures 456 x 466 x 269 inch also built plastic thats make look like toy camera improvements design includes tiny selfie mirror front camera lure selfie lovers close lens attachment help capture macro shots precisely hardware camera features 60 mm lens f127 aperture flash always light whether indoor outdoor also houses light sensor helps automatically adjust exposure per lighting condition need turn dial per indicator dedicated high key mode addition model maximize brightness comes set two aa batteries instead would recommend use rechargeable batteries need buy separately save bucks also photo count analogue meter back counts number shots remaining performance camera fun meant click ultra hd pictures like dslr better compare instant camera expect kind connectivity device want fun camera buy else regret press power button located near lens turn camera lens pop adjust exposure using rotating dial desired position suggested light sensor ready click retro looking pics clicking photo camera extract photo print top camera 23 seconds get shocked viewing blank picture photo take minute two get fully developed use first buy photo cartridge available market separately pocket friendly price putting cartridge camera able click 10 pictures inserting new cartridge verdict overall look feel camera like toy sharp edges eye soothing colour also process clicking photos really simple cost per photo economical per opinion everyone seeks buy camera since fun good budget spend instant camera many options better clarity larger photo capabilities ps review products amazon help fellow customers taking wise decisions try ensure everyones hard earned money get full worth always makes day know people find reviews helpful feel free comment queries,2017-10-13,4.0
25,customer_review-RFLTCDNCPC47E,Haris,Camera fun for kids,camera handyportable children friendly easy carry around one sale point camera instant camera one point buy film developing print sheet costly obviously children excited use make 20 sheets emptied 5 minutes 1500 2000 indian rupees n get nerves another 20 sheet packyou got surplus money waste go ahead n buy kid picture quality ok need technique develop photos buy use box n forgot,2019-07-19,4.0
26,customer_review-R2N8UZNVP7ANGE,Amazon Customer,Absolutely loving it.,thing could better would picture quality little bit apart great buy 5k less snaps taken selfie mode close range would best say takes 23 minutes develop got album keep little snaps also gift wifey loved first sight,2019-01-26,5.0
27,customer_review-R204YCXM32FCZ,Dhairyasheel,Great Camera for kids and adults alike,got birthday present 10 year old works like charm im sure kids love negative shooting incandescent light need close subject else faces turn dark underexposed still outdoors though suggest buy film bulk packs cause 10shots per cartridge pretty less,2019-10-13,5.0
28,customer_review-R3RZF90YPL3K8,Mihir Tyagi,Must try if beginners,camera really amazing used 6 months faced one issue chemicals cartilage leaked inside camera worked fine clean remember youre photographer dont expect best quality photographs camera beginners easy use fun loving people,2019-02-12,5.0
29,customer_review-RI3OZVY4OC69U,Amazon Customer,Incorrect description and fake,description mentioned wrong amazon tricks buying product size image photo credit card size small literally passport size first say product returnable later let return product,2018-12-03,1.0
30,customer_review-RA0TXN9DXOUCR,archita,Completely satisfied. This product is really value for money,completely satisfied product really value moneythe pictures came fine easy use manual explains everything detail product shown,2018-02-14,5.0
31,customer_review-R1Q13I6D1IBCB4,SHASWAT SHEKHAR,Defective product,funny product practical value may problem camera able get good photo often print photo cartridge gets wasted,2019-06-25,1.0
32,customer_review-RXAI52YLRNQJ,Gargi Debnath,Happy with my purchase.. value for money..,favourite purchase ever instant camera easy use final polaroid pictures cute picture quality also good adjust flashlight according liking buy new flim separately,2019-09-07,5.0
33,customer_review-R24HYWMF2CRI9O,Mannat Jain,I loved it,product stands true images showcased portable easy use adjusts brightness photos automatically camera made lightweight plastic smooth edges smaller parts films easy install picture quality awesome however crucial steady hand clicking photo,2019-11-20,5.0
34,customer_review-R1HMIEX22EZNIW,Aakash Saxena,NOT RECOMMENDED AT ALL,received defective product twice also wasted 4 weeks rigorous follow amazon support teamabsolutely recommended cost also seems pretty high,2018-11-28,1.0
35,customer_review-R3T36I8XMDX3L1,Anjali,Good quality pictures and easy to use,camera comes detailed guide lines used picture quality also good brightness lightings automatically adjusted really nice product month using far issues,2018-09-13,5.0
36,customer_review-RMLBBLO2BROMR,Sampreeth,Good,cute camera gets job done definetly better quality polaroid cameras available market pictures bright one might expect going vintage look good option easyto use suggest watching tutorial video usage,2019-03-19,4.0
37,customer_review-R1ISBE4BTYL0S1,Urmi nanchahal,Doesn't work,work simply work highly dissatisfied,2018-10-17,1.0
38,customer_review-RHEJMK6I0GOOV,Varsha,Worth the price,great product youre looking capture precious memories dont think twice read user manual clicking pictures tad different phones used brightness adjusted pictures come great loved makes good gift near dear ones,2019-07-05,5.0
39,customer_review-R2932MQQ6NU7CR,Tanu,Love it..Love it..Love it,love retro feel camera best part instax simplicity design marrying old world charm polaroid cameras lovely modern hip design,2018-10-12,5.0
40,customer_review-R1UJFD85I5T6PN,Nimisha Kothari,Nice product,good product 8 yr old gifted daughter 8 th birthday happy n always excited use,2018-08-16,5.0
41,customer_review-R1O0KC9M33NV68,Yogita Aggarwal Gupta,Good quality pictures & easy to use,picture quality camera nice perfect gifting option drawback real costly,2019-07-12,5.0
42,customer_review-RAW756D8O3SHG,vinay,No brains.,pathetic quality zero use technology difficult put simple screen device give option print even click accidentally printed ancient technology,2019-10-23,1.0
43,customer_review-R1R5BCXYPTSQK3,Amazon Customer,Its good.. Okay,brightness little less rest perfect booked day paid extra 100 getting next day next day home superb delivery also expiry films till 2021 think theres issue buying product unsure saw reviews positive still bought clicked 1st picture cool brightness less clicking,2019-10-25,3.0
44,customer_review-RZPQW4EQD3Y5,Amazon Customer,High cost of Films,product goos price range whole instant picture thing nice major led price refill catridges films almost 2030 cost whole camera big question wanna go buy thing update get films cheaper price chinaus,2019-07-05,2.0
45,customer_review-R1OIRAMLYVL13Y,Amazon Customer,Original product delivered,gifted wife bday happiness sky rocking must product like capture memories note photo cost u 50 rupees recoomend buying product,2019-06-08,5.0
46,customer_review-R20QFN61OMHQ9B,Amazon Customer,Love the camera,good picture quality output quite good picture size small looks nice got gift worth,2019-11-21,4.0
47,customer_review-RQN7I08ZBM5J4,Akhil P.,Love it,good one please make flash control film expensive,2019-04-30,5.0
48,customer_review-R3FHV4VI73SDHI,Ashish rana,Not satisfied,put film camera tried take picture nothing came film got stucked camera dont know weather size issue return product didnt even clicked single picture guys buying please mindful size film,2019-10-14,1.0
49,customer_review-R31FVWNE66HS3P,Aftab Dhingra,Fun camera,picture quality average size also abit small pictures easy use fun tool,2018-12-13,3.0
50,customer_review-R1NZ5LJP4QZIKN,Amazon Customer,Expensive,expensive even called sale,2018-12-17,5.0
51,customer_review-R1CMJI6SJ86ERT,Shrikant gavimath,Worst product,returned,2019-08-01,1.0
52,customer_review-R2KWGK1P6XIGWQ,Sunny,Good instant pic concept but expensive refills,product good kids love gamification fun instant moments pictures negative refills expensive,2019-07-21,3.0
53,customer_review-R3ED0XBWMF0RAI,Amazonian,Will definitely buy again,best value money deliverh came time box delivered mint condition expiry date 2020,2018-11-02,5.0
54,customer_review-RFJYXKNFWH2S0,Knightfl4r3,Small Polaroid for a decent price,picture size petit job well picture quality minimum bad may durable long run better laminate soon,2019-02-05,4.0
55,customer_review-R2WUB20ZKBA5IJ,MOHAMED HASHIR,Didnt used it but god one,used came pack found good,2019-07-09,5.0
56,customer_review-R1RTAIBYZO6FHB,tanya jindal,Not worth it,dont know whats going wrong picture clicked clear black blurred pictures come dont know wrong camera film,2018-12-18,3.0
57,customer_review-R1PE65OOI898C1,CHANDRASEKHAR TADEPALLI,Ice blue instax mini 9,camera really good ordered ice blue really nicer colour problem photos bright sometimes visible overtime get hang also receive amazing pictures,2019-11-26,5.0
58,customer_review-RFMG2DTDWTOQ9,BATSY,Good but can be better,contrast brightness reflects person holding cam background dull dark happens every environment,2019-05-27,4.0
59,customer_review-R22MYMJ3INUFPJ,abhishek,Five Stars,great productfilms bit costly though photo quality compromises everything,2018-04-09,5.0
60,customer_review-R36D43ADA1JRDL,Barsha Mukherjee,Loved it,favorite camera easy use picture quality bad easy carry loved box found guide paper sticker camera lens strap,2019-03-16,5.0
61,customer_review-R24D9A24EYLGL,raginee,Cute camera,well camera helps capture lovely moments gifted bf absolutely loved,2019-10-28,5.0
62,customer_review-R39U2OLWZ3NLLR,Amazon Customer,Worth the buy,awesome experience nostalgic value money moments capturing product would highly recommend people small kids,2018-11-01,5.0
63,customer_review-R254A6STQ8ITWV,manoj,doI like this cute camera? .. well ..yes!!,love camera dont need pro work downside photocromatic films burn pocket gotta get mind made decide click thers undo,2018-10-11,5.0
64,customer_review-R1LHCJ3AJD7AX6,Amazon Customer,Capture ur memories in a small frame,great product u might wast finding wat mode use get feel insta,2019-07-21,5.0
65,customer_review-R153BF1V54DUEU,D Ivin Dishan,Good product,good product bit costly outdated technology,2019-03-05,4.0
66,customer_review-RYHGUVF1UVPOI,aditi rathore,Very nice product,picture quality good easy use proper packaging picture background become darkeras soon photo develpoed good face pictures clear quality photo superbmust buy full pesa vasoolloved,2019-11-01,5.0
67,customer_review-R3KDZ2K0OHNVF5,Rubina Dave,Instant Camera,product perfect super super easy useits tremendous get yr pics instantlythus cam one best buys amazon,2019-06-07,5.0
68,customer_review-R29JPAZ8CLOSIB,Poornima Thakur,Horrible pictures,product unfortunately nightmare pictures clicked r always way dark end wasting films buy even got repaired use unfortunately please dont every buy highly disappointed,2019-09-05,1.0
69,customer_review-R21BPUEIUO0B21,Amazon Customer,Good as a toy for kids under 18,firstly guys looking white colour grey appearance like good children 18 girls crazy clicking pic friend keeping memory photos good children toy good,2019-04-17,3.0
70,customer_review-R3O6CW7D9RSI5C,Ritwika Chakraborty,Expected more.,picture quality mediocre waste films get used dont try shoot distant frames wont show flash isnt powerful works close photos product cute nothing else,2019-02-24,4.0
71,customer_review-RAFSD7SZWURI6,Avid shopper,Buy only with discount,value money normally expensive best buy discounted,2019-09-25,3.0
72,customer_review-R23W9QWZOZ94IJ,Harsh Chopra,Reliving Childhood too cool to have a gaget like this in 2k18 it's ...,reliving childhood cool gaget like 2k18 extra ordinary definitely catches attention,2018-03-13,5.0
73,customer_review-R8DAI0NX4WZFB,Ankit G.,Great price. Amazing deal,bought 2200 republic sale made japan would look forward buy similar price bracket,2019-02-16,5.0
74,customer_review-R2HGK2ZS40FOKS,Amazon Customer,Duplicate product,able take picspurchase another one store,2018-09-02,1.0
75,customer_review-RJL9SUI8HFK9,Pritam Somnathe,It's a budget Polaroid camera for this amount of money.,easy usegood picture quality handy design dont see properly hate picture get right rewarding,2019-01-28,5.0
76,customer_review-RVUXZ464K6J7,Shilpa batra,ü§©amazing,im enjoying photo time,2019-06-03,5.0
77,customer_review-R2R5TL2ZKVBJGC,Amazon Customer,Worst picture quality,expected pictures clear waited time write review thinking v aint using properly thats fact pictures useless attractive waste product,2019-06-22,1.0
78,customer_review-RZ80638IFTIXP,Moksha Jain,Amazing instant photos,camera great click instant photos buy interested capturing moments rather perfect pictures,2019-03-02,5.0
79,customer_review-RM0E7FAE8V3DC,Abhishek joshi,Trendy and Useful.,price point camera provide good printed images good get deal people love create memories find camera helpful even someone prolevel photographer,2019-06-28,4.0
80,customer_review-R2NSRBKQ3SKMS1,Amazon Customer,Good,good,2019-03-04,4.0
81,customer_review-R2TSE3VU7EQS3D,Sameera,Must buy camera,soo cutei love camera meets expectationsthis must buy camera teenagers,2018-06-17,5.0
82,customer_review-R3B0B6VUM2RLJD,BUDDY,Good product,nice product little expensivethe photo shots expensive,2018-10-07,4.0
83,customer_review-R1S1QAR0KPRJMV,Nazeer,Good product,good one thing u put film finish soon possible dont remove film finish otherwise u film get waste,2018-06-09,5.0
84,customer_review-R296UB91SDCTJK,Sriram,Good Product,great product would great sold films instead purchase separately thats bummer,2018-11-20,4.0
85,customer_review-R1MS0WSEM2S8YT,Uday u.,Perfect,got younger sister birthday present loves commendable work fuji,2019-08-25,5.0
86,customer_review-R3DAF1OWLNUTYA,Amazon Customer,Superb,gud picture qualityn handy,2018-11-27,5.0
87,customer_review-R2IET3A0M9ZSR,s k.,Shd be less price .,good,2018-12-19,4.0
88,customer_review-RI7P78IOR5XOU,Sohana,Five Stars,amazing product colour light bluish sidebut still looks great,2018-03-08,5.0
89,customer_review-RZRZJE8ARGYNU,rajalam,Fun Camera,nice fun camera meant serious photography good making instant memories,2018-10-06,4.0
90,customer_review-R2MDST09OS1EGL,Deepak Bhagchandani,Satisfied with purchase,works great issues,2019-07-21,5.0
91,customer_review-RUTS97KJ4MI69,Simran,Must buy product,lovely thing buy gift girl fond pictures,2019-07-11,5.0
92,customer_review-R1SVQGVWNWK7N6,Tharun Thejus J P,Best instant camera in market,real handy instant camera get market picture quality upto mark indoors,2019-10-06,4.0
93,customer_review-R14DKALRI7FZR6,Siya,Good product,read instructions manual carefully use fairly easy use good door pictures,2019-10-28,5.0
94,customer_review-R1X6SAT6AXNKY9,Vignesh Venkatesan,Good product,brought september17 using ever since good product money paid,2017-12-18,5.0
95,customer_review-R2L2TG6MBBPU4Z,shakti,Value for money,easy use,2019-09-09,5.0
96,customer_review-R2J8IOX3PRKO5N,Jay chavda,Too bulky,good camera size large,2018-12-29,4.0
97,customer_review-R22S4ZSQ8QMJ8Q,Maahi,Camera is handy and good,films costly photo selfy group photo backside people get darker,2019-03-27,5.0
98,customer_review-R1BBHGWK7U3N7,Nirmal Manoharan,Nice pic!! Or pick :),simple usage cute one wen u share pics instantly others good quality,2019-03-10,4.0
99,customer_review-R30A5MLPVYM7VD,PM,Perfect to make memories,handy extremely cute,2019-06-17,5.0
100,customer_review-R1G5MDAUF6A90D,Kushal Pabbi,Superb,good,2019-07-24,5.0
101,customer_review-R1EANQ5LVXHEXI,aniruddha singh,Nice package,like,2019-06-05,5.0
102,customer_review-R1RU9QN3E1ELKN,KARAN,Loved it.,always wanted instant camera perfect,2018-11-01,5.0
103,customer_review-R2H392UCV3CWOL,Amazon Customer,Worth it,please reduce price little bought many times films expensive worth would love buy,2019-05-27,5.0
104,customer_review-R8NM9FQDSW9TY,Aastha,Great product..... but the films are really very expensive,abs amazing product puts nostalgia let things films really expensive reasonable price basic utmost need,2018-12-19,3.0
105,customer_review-R1VKLCR8TPHU3T,Vimalraj,Ok,come photo card atlease 5 10 cards parcel need buy photo cards,2019-10-21,1.0
106,customer_review-R1GB0QWA5GSJPX,Amazon Customer,Very Upset,disappointed product service amazon colour product color shown website match support customer service,2019-01-04,1.0
107,customer_review-R13AT1KPVCTP7K,Sagar Subbaiah,Good,good,2019-07-28,4.0
108,customer_review-R19WMVTP9HQ2LP,Shwn Perera,Fun product but not practical and money worth,large travel everywhere picture quality average expect great pixels print low light capture camera delicate print sheets r expensive,2018-12-28,3.0
109,customer_review-R2UVRQAHHZ8XBT,Kritika harendra,Love it,im literally getting scolded parents waisting money well cares love totally worth itamazing clicks,2018-10-06,5.0
110,customer_review-R2QHGSMZBN0MF8,AyushChauhan,But photo card is very costly,good,2019-11-04,3.0
111,customer_review-R14E8AVX4VJA1E,Neha Shrivastava,Really good,loved camera beautiful gives really good pictures,2018-09-15,4.0
112,customer_review-R1WCGJMORF54LD,Amazon Customer,Good product,photos clicked vintage effect low brightness fun cam easy use however seal package received tampered,2019-06-06,4.0
113,customer_review-R3ETEAH2YPTBWP,King,good product,good product,2019-04-22,5.0
114,customer_review-R1JJWXVVOUT3ZL,D SANJAY,dark pics,prints coming dark,2018-12-25,4.0
116,customer_review-R3KHRBVR1X8MQX,sneha,Economic buy,economic polaroid camera liked lot,2019-12-05,5.0
117,customer_review-R3BINCPSOGRJNG,Skwr,Buy,cant take pics outside clearly inside,2018-09-26,4.0
118,customer_review-RTQ9VMGT69GIL,Karuna Menon,beauty of d camera and d colour pink,shape camera easy loading film,2018-12-07,4.0
119,customer_review-R1AUTP2J2LBF5H,Shravani,Loved it,amazing,2018-12-18,5.0
120,customer_review-R3507K7LB0P515,Pooja,"Great Price, Good Product",bought friend loved,2018-10-14,5.0
121,customer_review-R3I1H49XXANYDU,Amazon Customer,Bad picture quality,bad picture quality tiny picture comes dark,2019-04-26,2.0
122,customer_review-R270VCZN61UVV1,Ms walling,Cute and cool,color super cool easy use though film little costly,2018-09-08,4.0
123,customer_review-RDS4GI5J92GA1,Sanjay gupta,Wasted money,pics come blank dunno camera problem films money wasted,2018-09-23,2.0
124,customer_review-R223D74S8M6WYJ,San,Good,good,2019-06-25,4.0
125,customer_review-R1XFODJLJY67CR,Mansi,Picture size is very small,dont like size pictures small,2018-12-31,3.0
126,customer_review-R2YK7JHVA7MJTM,Arjun,Awsum,evrythin good except availability snaps get difficult,2018-11-10,5.0
127,customer_review-R176TUJPS92ZPJ,Purshotam Nagrani,Good Product.!,worth price picture quality quite vintage overall great product icy blue color best color far,2019-09-28,5.0
128,customer_review-R3HAVWTY9CU5D1,Zareena G.,Good quality,nice quality,2019-09-27,5.0
129,customer_review-R1JXCM6TTDUMDB,Nitish Bharadwaj,Bought it for someone speacial !,working nice,2019-04-28,5.0
130,customer_review-R31467QPBQCW3S,seema patnaik jagtap,Good buy!,good dealcompared market price esp easy find market,2019-08-04,5.0
131,customer_review-R3D09C7PBX8G76,Amazon Customer,Good,nice product memories,2019-01-06,5.0
132,customer_review-RDBQDLRVH54RB,Rajendra Babu K,Buy this,one 10 turned blank wonderful product,2019-05-12,5.0
133,customer_review-R178U2TDIBJUT2,Sakshi,Best buy,love,2019-03-09,5.0
134,customer_review-R1W4WBPQ3Z9JKD,Amazon Customer,Lime green polaroid,quite cute colour lighter side,2019-10-01,5.0
135,customer_review-R1U18C2ON21JJN,Vamsi krishna,Waste,waste product return poilcy also,2018-10-22,1.0
136,customer_review-R2CP9XU2YM9UUK,Amazon Customer,Great way to capture memories.,honest wasnt expecting much ordered great product picture quality great easy use,2018-11-07,4.0
137,customer_review-R75NF3OTPHJPS,Amazon Customer,Four Stars,good camera colour product matches images,2018-06-23,4.0
138,customer_review-RQ5SAFL25NKJU,Smruti Bhayani,Good product,pictures good quality indoor picture quality way better pictures clicked outdoors,2019-06-08,4.0
139,customer_review-R374CJ79YNQDUQ,Parrendi,Awesome camera,instax mini 9 cute camera easy use selfie feature bonus quality product good came good packing happy purchase,2018-11-26,5.0
140,customer_review-RGDJJ0LM2S2LJ,Gauurav,Happy,easy use best quality buying son happy camera,2019-09-11,5.0
141,customer_review-R2DOGEMG1E0RHZ,Aamir Ali,Good product,nice product,2019-04-24,5.0
142,customer_review-RPXIQ0HO4TW5C,Kavita mahajan,Good,good,2019-03-23,5.0
143,customer_review-RBDWX80XECKQE,HKR,Click memories along the way.,read instructions using super portable advice buy camera cover well good product,2019-06-24,5.0
144,customer_review-RK0I154X8H5UU,Vaibhav,Nice,love camera,2019-01-23,5.0
145,customer_review-R25OMR4OOW0AVQ,Rishabh Baliga,Good one for getting quick shots,good camera get quick printed photo,2018-11-29,5.0
146,customer_review-R1SYMWWC0STUY3,Amit kumar,good,good,2019-02-17,4.0
147,customer_review-R22NLPGVAGEII4,gurudas singh,Perfect thing,good product every aspectphoto size jus bit smallerbut quality wise perfect,2018-10-24,5.0
149,customer_review-R8D5BQTA5IAL7,Romesh SAS,Useful,useful,2019-01-01,5.0
150,customer_review-R2QDDZZNAV9R01,Amazon Customer,good,ok,2019-03-01,5.0
151,customer_review-R3DASYRBEJGB5T,Nisarg,Superb... Must buy,superb must buy picture quality fantastic comes 2 aa battery need purchase films separately,2019-09-15,5.0
152,customer_review-R3NFU8A6JBW46E,Aditya Remy Shah,Good Quality,good deal,2019-01-31,5.0
153,customer_review-RIOQI9KOXXIIK,Sandeep Kang,Great product with good and sufficient picture size,great product dont think picture size small need,2019-06-24,5.0
154,customer_review-RJ5KI6GH2R24Q,Ashutosh Mathur,Film not ok,fuji film ordered work one used want buy immediately,2019-10-19,1.0
155,customer_review-RZSQ1VWBXDCUW,roy abraham,Camera,good,2019-01-11,4.0
156,customer_review-R2QB4QX3N5E4QN,Santanu Deb,Nice product,nice product,2019-07-14,5.0
157,customer_review-R1DDYOU0ZNO9ZX,Ashwini Singh,Nice,nice,2018-12-14,4.0
158,customer_review-RIOW527WSNU73,Akshay tak,Overall that‚Äôs an awesome product.,profuct awesome quality capture good dislike photo paper available easily,2019-10-06,5.0
159,customer_review-R2L7WIFWX7CUW3,RUCHI,Good product,nice products bought 6 year old daughter easily use,2018-08-07,5.0
160,customer_review-R1RUYI02C1HPNQ,Reader,not for usual photography... for fun only,good product,2019-09-04,4.0
161,customer_review-R1T7OXXOKCKBT0,meenakshipasupuleti,Super camara,like much nice problem quality photo little bit dulli love,2018-12-23,4.0
162,customer_review-R3DV0EC1UDEVCG,Neelam Bhatia,Overall nice product,camera though looks good affordable brightness low,2019-10-30,5.0
163,customer_review-R2ZCKV8F2S1HTS,kganesh2015,simple and easy,simple easy films costly,2019-07-22,4.0
164,customer_review-R3FMP1YZ2CKBOW,Archana,Nostalgic purchase,helpful instant gratification projects moments,2019-02-03,5.0
165,customer_review-R21EF5HMOO3X1Z,Sajca,Delightful,modern digital world full smartphone photography pleasant changethe experience worth price,2018-11-10,5.0
166,customer_review-R30OVG0AX3VEU,Manisha,Nice but to capture moments instantly,would nice viewing lens little bigger apart love product,2019-08-05,5.0
167,customer_review-R3AKSRO0L46HXJ,Ajit prakash,Don't buy it.,purchased camera within 1 month stop working service center available state,2019-11-15,1.0
168,customer_review-R2CZF28ULOXX3P,Hetvi Thakkar,Camera,thing wanted eagerly know would include filmsphoto cards need buy expensive,2018-12-18,4.0
169,customer_review-RO3RWXBOW01BH,Rohit sharma,"No warranty card in the box, looks local and coopied product",box product looking like crap quality box good warranty card,2019-10-07,3.0
170,customer_review-RYFGIST753HN8,Tanaya Avhad,"Easy to use,fast and robust",want click moments gather memories stock cartridges well,2019-02-27,5.0
171,customer_review-R3V60SCBC4AVX8,Aruna b.,Perfect for me,really beautiful colour really easy use like picture quality finnally good item,2019-05-08,5.0
172,customer_review-R2WEYSVMVF5F2O,Sharayu Kulkarni,Five Stars,wonderful amazing perky colours makes like cherry top would definitely recommend,2018-03-24,5.0
173,customer_review-R2GXGK7OBQBHRX,HARINADH BABU BOKKISAM,Excellent product.,good productfun camera,2018-11-11,5.0
174,customer_review-R14EI5XBM14VV9,Vino Kumar Ponnu Krishnan,Good,picture quality good anyhow belong us way take picture liked fastern delivery price,2019-08-22,5.0
175,customer_review-R1PLLBTZBYC6Q,JAIDEEP ARORA,Good,good,2018-09-15,5.0
176,customer_review-R1D4JG5WWI4VY1,Tripti,Good,good,2019-02-02,4.0
177,customer_review-R15LHY5QE31LM5,Amazon Customer,Nyc buy,made daughters happy,2019-11-16,5.0
178,customer_review-R2MOJE2HPD3YTM,Shilpa,Good,good,2018-10-03,3.0
179,customer_review-R10TEASQ4BW417,Farida khan,Nice,nice,2018-11-27,5.0
180,customer_review-R1RLEDDTTM4ZQ,sangya mandhyan,Loved the product,product came shown picture easy use picture quality good,2019-12-13,5.0
181,customer_review-R304CZ29I9CQH7,Sapna G.,Best in quality Camera,worth money however sure yet light set option camera,2018-11-20,4.0
182,customer_review-R1G288Z84V3SO4,raviteja,Awesome camera,nice camera instant memories,2019-10-05,5.0
183,customer_review-R3V3L8ZLZRZ5IS,Pradeep,Happy to use,nice gave gift person happy,2019-11-01,5.0
184,customer_review-R5P7Y8V70UXRF,Amazon Customer,Wonderful experience!,exciting pictures although smaller size thing get proper exposure light taking pictures wonderful experience,2018-08-27,4.0
185,customer_review-R3DM04OOO07YXW,Sudha sridhar,Superb,clear,2019-09-01,5.0
186,customer_review-R39639EZUKY4ZO,Smita,As expected...,loved,2018-06-06,5.0
187,customer_review-R3VTEPJ5WJ5HYW,Sravani,Love it,love,2019-06-20,5.0
188,customer_review-R2YV9SYJGADGPK,Saahil Morzo,Worth it.,awesome,2019-07-09,5.0
189,customer_review-RCG7NSR34LMJN,RIZ24,Thanks,thanks,2018-10-16,5.0
190,customer_review-RY0KET96S82MM,Chirag Dedhia,Worked fine,worked fine,2019-08-09,4.0
191,customer_review-R1NYDSO1WHWP9Y,Bidyapati Chatterjee,Easy to use,picture quality good,2018-12-21,5.0
192,customer_review-R1MN2G1UZVEE7W,Rahul Kulkarni,Sturdy and does what it says,camera quite sturdy clicks good images basically says,2018-12-19,5.0
193,customer_review-RBDWZU1NF1VFW,Shivi Bhatnagar,Just loved this pretty camera!,nice product gifting picture quality average,2019-10-31,5.0
194,customer_review-R2P5GGKDMV53N6,Amazon Customer,Poor Picture Quality,even day slight slightly dark photo,2019-08-25,5.0
195,customer_review-RARXJZ9QRKM0L,HeavyGamer,Good,good,2019-06-07,4.0
196,customer_review-R3A9FXDWTPLEBF,Shubham Sharma,Buy if you really need it,good product,2019-03-28,4.0
197,customer_review-RIORL0L7K62KP,krischaitanya,Poor image quality,quality pictures good,2019-06-24,1.0
198,customer_review-R3L6CX90QT96J8,Purva,Too good,camera perfect good picture quality colour everything nice,2018-09-13,5.0
199,customer_review-R14KHX9X54SAQY,Meera Sidhardhan,Budget buy!!,perfect quality better buy 6 time buy time cost clearly budget buy,2019-03-03,5.0
200,customer_review-R1JMDTQ6RIDI11,Gokul Gupta,Five Stars,film little pricy though,2018-10-01,5.0
201,customer_review-R2RIIHAYSVJW3G,Anjuman,Good product,good product,2019-05-08,5.0
202,customer_review-RBSGKNK95G6O1,Prasanna.B.M,Four Stars,love,2018-03-07,4.0
203,customer_review-R8OTRUU21WRP,Amazon Customer,Great product,works fab even low light,2019-06-04,5.0
204,customer_review-R3GSH42C527T0T,Ankit patel,Bakwas,bogus item usefull way buy,2019-01-17,1.0
205,customer_review-R1CUUB5EG4VI7G,Amazon Customer,Costly Affair.!!!!,average product one must stay away films also costly,2019-10-01,3.0
206,customer_review-R16W3HLT83AJX8,Ankit Ramani,Not worth,picture quality perfect return policy,2019-06-05,3.0
207,customer_review-R3O2NDNKQ5V6W0,Vandy,Happy with my buy,satisfied value money,2019-08-22,5.0
208,customer_review-R21RTB2GJK26BK,ravindra shrikrishna ghatmale,delivery,fine,2019-11-25,5.0
209,customer_review-R1ID33KMCJ0S7L,Shantanu Soman,Satisfactory results,satisfactory results,2018-11-13,5.0
210,customer_review-RRRZS9OCZIKAA,Amazon Customer,Good experience buying in Delhi,good buy good delivery one year expiry product got bought,2019-01-09,4.0
211,customer_review-R2158L7DOEXL9Q,Amazon Customer,Worth it.,loved camera much expected wonderful,2019-10-06,5.0
212,customer_review-R2LOG1Q0NALB7W,Kishar Ahmed,Instant memory creator,easy use nice instant memory creator,2019-06-02,5.0
213,customer_review-RGBGQ79K1KTH4,saket agrawal,Good,easy use,2019-11-10,5.0
214,customer_review-R1GGY5EQ1NVOAF,Soumyajit Chakraborty,Good Product,good quality product,2019-06-05,4.0
215,customer_review-R39AM08JDI45V1,Shehzana s.,Idk,working working,2018-04-16,3.0
216,customer_review-R1AEFNCXPRDT4Y,Srinath Shah,Five Stars,good product definitely go,2017-12-03,5.0
217,customer_review-R13LEYO2IS2247,Abhinav Ronald Masih,Easy to use,nice hand shaky took snap got awesome result,2019-08-19,5.0
218,customer_review-R1UGXX5UGUUTTE,Amazon Customer,Worst purchase from amazon,worst purchase ever camera even switches total money waste,2019-09-06,1.0
219,customer_review-R3427JBJMAXH9K,Jagat kharbansa,Bad quality,cartidges didnt give results pictures came blank,2019-09-05,2.0
220,customer_review-R2UFEMFEJ11CX0,Dr K.V.Seshagiri,Good Camera,good camera,2019-10-27,5.0
221,customer_review-RBT9GS2ZR9JJK,akash,Superb,best instant pics get,2018-10-04,5.0
222,customer_review-R4EJUQEJAH7B7,Amazon Customer,Five Stars,good,2018-03-23,5.0
223,customer_review-R24SBNE58QY43W,Amazon Customer,Worth Money!,picture quality good expected,2019-11-02,5.0
224,customer_review-R1EAFMRYU95JR5,Syed Amin Ahmed Aga,Awesome camera from Fujilims,easy use,2019-08-27,5.0
225,customer_review-R1OI4582WULZQF,Rishi Raina,Insta Pic with Instax !,camera must every moment want capture easy use gives retro feeling,2018-07-06,5.0
226,customer_review-R2RIJTYKAAMC04,Raja Sharma,Amazing,product really awesome shown love,2019-01-10,5.0
227,customer_review-R3BG1L1FLSDI7J,Linovi K Sumi,Great purchase,love look product picture quality pretty good,2019-12-05,5.0
228,customer_review-R2DIW00R5QWG4C,Animesh Bhargava,Gift,gifted little sister loves pictures nice,2019-08-27,5.0
229,customer_review-R3VCJ1U2F0QD38,Amazon Customer,Flash,sometimes flash disturbs quality picture,2019-10-05,3.0
230,customer_review-R12M9Z75ZYXDRJ,Pankaj Gupta,Pathetic product,pathetic product amazon denied return forced keep product,2019-09-03,1.0
231,customer_review-R2RT2ZI7XJREIA,Pankaj S.,Everyone should buy this,nice quality,2019-01-21,5.0
232,customer_review-R61DTUIM00PL0,Sangeeta Y.,Good product,product really good butcost way much,2019-07-18,5.0
233,customer_review-RFI61AIECPRRF,Dimple parekh,Good quality and super brightness,easy handle use instant pictures amazing feature,2019-07-02,5.0
234,customer_review-R1T7EZWG0M3N1G,khushal,Handy in use,produxt good downside costly refills,2019-01-20,4.0
235,customer_review-R391IVAXSWASFM,shreyas bharadwaj,Good product,good product,2019-10-11,4.0
237,customer_review-R1AQ5M1U56K3F8,Karan,Waste product,dont picture come also waste product,2019-11-21,1.0
238,customer_review-R1CWMKXHQ4BPFH,Sahil Patel,It‚Äôs actually a fun camera and awesome for instant moment pics,awesome camera guysjust need purchase catrages differently,2019-07-08,5.0
239,customer_review-RFCX4H5WI4WW9,Parivesh Rakesh,Its a good gift,average,2018-12-31,5.0
240,customer_review-R3RPV2J8G7SOLD,sreeram v vijay,Ok,picture quality good easy use expensive expensive filim pack,2019-11-03,5.0
241,customer_review-R2QVVNR24IZ1QI,R. D,Useless and children's playing item,flim size small totally money spoiled,2018-10-18,1.0
242,customer_review-RAHRWITVORMHG,keeki,Must buy ‚ù§,best camera got 3499super saver,2018-07-21,5.0
243,customer_review-R1BLHR8DTEKMYH,Amazon Customer,Five Stars,cute loved,2018-07-16,5.0
244,customer_review-R2RE6NOLFBIFP9,R Ahuja,Good Deal,good camera nice output,2018-11-19,4.0
245,customer_review-R1AQWJKG0RMGE2,Kaushik Das,Good,memorable moments captured product,2019-06-10,5.0
246,customer_review-R1O6XVUMCT2BYJ,piyusha_dwivediüòä,exquisite product...,picture quality upto markbit overall nice cute product buylove,2018-12-02,4.0
247,customer_review-R1TW3VRZ8U33SC,Garima Singh,Paid 5k for black cards . worthless product,black cards even full light best results,2019-11-21,1.0
248,customer_review-R2QVFRRE52RPAN,debadrita ghosh,good product,seemed authentic says,2018-12-24,5.0
249,customer_review-R2Y19B8VRLTI3R,robe,Too good and very nice,good quality nice bit problem adjusting scene still work good,2019-03-16,4.0
250,customer_review-R20T3CTNIM5QJL,Amar Bysani,Value for money,good deal,2018-11-28,5.0
251,customer_review-RR13MUX4T6BRQ,Surya Veloor Sundar,Great product!,really good nostalgic experience,2019-08-04,4.0
252,customer_review-R1FPQBGR1KDCP4,Amazon Customer,Average product,average product u need proper lighting,2019-11-14,3.0
253,customer_review-R2MSAG2SBNEYE8,Diksha,Good buy,colour picture easy use proper instructions,2018-12-21,4.0
254,customer_review-R2C81OI0XEG6M8,Aishwarya Chandan,Not bad,little difficult use,2019-01-28,2.0
255,customer_review-R3RGWTXUH4UHWR,Vishwas Kohli,Not working,camera working getting blank pictures tried everything please suggest,2019-02-11,1.0
256,customer_review-RWRFKUVKV2RKE,Vidya,Not good to purchade,picture quslity cums bad gives dark background display,2018-12-03,3.0
257,customer_review-R3TVLJJFRKOLWZ,Arani Sen,Perfect for gifting and Polaroid enthusiastic,love bought third time perfect gift,2019-08-21,5.0
259,customer_review-R326JPQWZGGYO2,Asbah gaffar,Never buy this,followed instructions carefully tried switching working,2018-11-23,1.0
261,customer_review-R197Q2OM1RHPYU,Ashish,Expensive and not worth any money,use low picture quality expensive flims,2019-01-14,1.0
262,customer_review-RT87CR5I5D8ZC,Akhil Devasia,Suprr,nyzzz product,2019-02-21,5.0
263,customer_review-R1DF3TXGWDSK5Q,Devika,Amazing!,loved product great keeping memories era smart phones,2018-12-10,5.0
264,customer_review-R3DKENMPFSYL19,Vinuthna,Five Stars,loved brings back 90s memories,2017-12-20,5.0
265,customer_review-R11IJF3G363D4P,yash patel,Wrong item delivered,ordered 60 pcs received 20,2019-11-28,1.0
266,customer_review-R2AM5NX7C2ORIY,Shruthi,Faulty packaging but good product?,packet come open nonetheless film sealed works fine,2018-11-23,4.0
267,customer_review-R2KAV9X0BBDZHY,Amazon Customer,good one,good one,2019-08-26,5.0
268,customer_review-R3EA5YQ0MY3LU5,Amit P.,Fun device in modern world,size photo developed quite small,2019-11-12,5.0
269,customer_review-RK78R2WDZXB4I,Edwin Das,Good buy,good,2019-03-30,5.0
270,customer_review-R2L4SEB1QZ5S7,Shruti,Good buy,brought farewell gift friend absolutely loved,2019-04-07,4.0
271,customer_review-R6SIOV98VXU21,Nanu Chetri,Cool,itz nice bt tere always 1 pic defect evry bunch,2019-08-17,5.0
272,customer_review-R1U7ARMH8D624M,archit k.,Satisfied,good picture quality,2018-04-25,5.0
273,customer_review-R1FITILU813CLN,Bharathi,Awesome,product good worth price,2018-12-27,5.0
274,customer_review-R1N5A3WQDEWZ6Z,Uday Kakkar,Very good,nice product u r fond photography,2019-01-04,5.0
275,customer_review-R3Q2X8ZJW6MP1Z,All time customer,Ok,handy picture quality expected,2019-02-18,4.0
276,customer_review-R30NJVLUIC5XU4,Duarah.,Efficient,really handy cute apparently reached good condition,2018-10-23,5.0
277,customer_review-R2VCNK1HOW0P34,PRAVIN THAKUR,Cute,nice,2019-11-14,5.0
278,customer_review-R1QUOCWKGSZGI5,Hariharan Balakrishnan,Five Stars,good piece came good condition loved,2018-04-02,5.0
279,customer_review-R3F81EA6C7HGVJ,Avni,Five Stars,good product,2018-03-24,5.0
280,customer_review-R2970DUG4KEBYO,Himanshu,Ok,ok,2018-11-14,4.0
281,customer_review-R2TMS4XK9ZPXSS,Raindrop,Nice,loved,2019-11-21,5.0
282,customer_review-R2XYJD007WLU11,Jayanth Sampath Kumar,Polaroid memories,nostalgia age digital photos,2018-11-08,5.0
283,customer_review-R34HJEWZBZR2PK,Shailesh purohit,Loved it üòç,cute camera amazing moments,2019-11-22,5.0
284,customer_review-R78BYZ33X9CAD,Abhinav,Great purchase,good purchase come holdersling,2019-03-11,5.0
285,customer_review-R321WH0E5OC95E,Sunand Pandya,Memory storage at a click,great snaps easily clicked seen,2018-08-22,5.0
286,customer_review-RRJQWH7Y19XSI,Gaurav Goenka,I mean it's ok,picture quality isnt great bad choice,2018-12-20,4.0
287,customer_review-R2ZZUGXIE1PAXZ,Payal Shah,Good camera,nice handy,2019-08-10,5.0
288,customer_review-R2INQV0AVO51MZ,Heena Dargan,Defective films,5 10 films one packet defected please replace,2019-04-27,1.0
289,customer_review-RP7HUHXWUCF2P,Anushka,Excellent product. Brought twice!,excellent product good quality defects,2019-08-14,5.0
290,customer_review-R3PHIR3F8KKCG9,Fardeen,Great!!,great product arrived time amazing quality,2018-09-03,5.0
291,customer_review-R3D98A1Y2U6TXW,Tanuj,Greattt+tttttttt,super duperrrrrrrrrrrree,2019-01-31,5.0
292,customer_review-R10Z0PLN5VH8CP,Saketh,haven't thought this camera will be such beautiful,superb,2019-05-21,5.0
293,customer_review-R374KHB91AKWQ5,Amazon Customer,FILMS needed,wish films inside,2018-12-08,5.0
294,customer_review-R2IMWI1UGAF1J3,Shalom,Faulty product,product working,2019-11-01,1.0
295,customer_review-R33HEBI6SHMZLN,Raj,bad,product good send film,2019-02-09,1.0
296,customer_review-R14K9RI824RD7A,rutu s.,Nice,nice,2019-10-04,5.0
297,customer_review-R4DQTW10IOFCD,neha johri,best moments coverage,instant collect memorable moments awesome feeling,2018-12-31,5.0
298,customer_review-R3NVVTVHRJCYTH,vishal,Poor image quality,poor product poor image quality,2019-10-21,1.0
299,customer_review-R1ZCS2ZHEOMAAK,harikesh k.,Nostalgic,give try,2019-11-28,5.0
300,customer_review-R2MX420ZVBBYNP,Sunita,Good!,ordered niece,2018-08-03,5.0
301,customer_review-R130SPGO1FJ0D1,Shampy Arora singh,Not worth buying,quality photos bad waste money,2019-07-22,1.0
302,customer_review-R14M3G2BXKX0N9,sheikh hussain,BIG LOSS,received damaged product films cracked,2019-04-11,1.0
303,customer_review-R3PF32LKPOM5B8,Keshav,Insta mini camera,worth amount,2019-10-08,5.0
304,customer_review-R126AV3HNVFIDZ,Amazon Customer,Five Stars,best gift gave 10 year old,2018-03-04,5.0
305,customer_review-R36M159FFPRVM0,Amazon Customer,Satisfied!!!,awesome experience clicking first photo thanks fujifilm,2019-01-03,5.0
306,customer_review-R2VE7EVKTC0TBS,Utkarsha Patil,Picture quality is average,picture quality somewhat blackish,2019-11-06,4.0
307,customer_review-R1HCRJ1NM2Q02,Sp Thorat,Amazing product,amazing product,2019-01-18,5.0
308,customer_review-RGL4915U0WVMO,Manisha Verma,Good,nice,2018-08-22,5.0
309,customer_review-R3J0ZSDBMCBOKK,IrfanTrendo,Bad,picture quality good,2019-10-05,4.0
310,customer_review-R3CFFX3UMNBV3Y,San,Good for instant photo copies,photo quality average camera easy use,2018-10-12,4.0
311,customer_review-R3FESKF34ZUR8D,Dhaivat shah,Film too expensive,dont buy film expensive,2018-12-19,1.0
312,customer_review-R1H2IFUWMVS3MH,Padmini Jon. Bhaskar,Beauty,loved super colour,2018-11-12,5.0
313,customer_review-R3BMMKFJXPTO1I,Nidhi,Good,contain cartridges,2019-05-06,5.0
314,customer_review-R15Z1BSY5H2VJ7,ASWIN,Good product,fun use,2019-07-29,5.0
315,customer_review-RXERSD4XE4IN,taanisha,Good quality! Original !,good quality product good buy,2019-03-12,5.0
316,customer_review-R2CJMVQDRB5Y0E,Niharika Singh,Worth the buy!,far good worth price,2018-11-20,4.0
317,customer_review-R2WOJCM55BZDGZ,Ankkit Sinha,Not up to the mark,handy picture quality good,2019-01-10,2.0
318,customer_review-R3VOU3AS117TXK,Krithika,Amazing,handy cam good quality pics,2018-12-26,5.0
319,customer_review-R2J2220L73J378,Asakti,Must buy !!!,loved camera easy use handy,2018-08-19,5.0
320,customer_review-RKE4GZ0VIACL,Archna.,Nice,nothing,2019-08-14,5.0
321,customer_review-R1OKCAP58DU3Y7,Meghna,Osm seller deals,quality worth seller really trustworthyyyy,2018-10-18,5.0
322,customer_review-R2GIYLK9LJAMD6,Nanda,Five Stars,product awesome,2018-07-28,5.0
323,customer_review-R13HFMVX71GL7Y,Kirti gupta,High expectations low quality,high expectations low quality,2019-09-24,3.0
324,customer_review-R3OY3TDK5EHK0T,shacheendra,the quality of photos is great..,surprised see results quality photos great,2017-12-24,4.0
325,customer_review-RBWBYSRA3PFRF,Jude Vincy,Nice,nice product worth money,2019-11-26,5.0
326,customer_review-R3ADTOSV591AU9,Aishwarya bagalkar,Nice,nice,2018-12-04,5.0
327,customer_review-R1M12UEOQDZ3ZL,Subramaniya,Disappointed,upto level,2019-10-06,1.0
328,customer_review-R154F0Q4JYRZYX,LAKSHMAN,excellent,easy use,2019-08-08,5.0
329,customer_review-R1L0N5B6BKQQEH,Sohiel Motani,First time use,overall experience good,2019-11-04,5.0
330,customer_review-R2NC8V1Q07847A,Tushar Patel,Brightness,brightness,2019-11-11,3.0
331,customer_review-R16QLO0YGKWPUE,Nagasai Bodepudi,Good product,overall worth price,2019-05-21,5.0
332,customer_review-R3IEBCQYMJRLHI,Bharat Shah,Good,excellent,2019-02-26,5.0
333,customer_review-R6D2T2UH6OABO,Bharath,Decent and budget Camera,good product,2019-04-14,4.0
334,customer_review-RC90B1FL5DVHZ,Pranab Sonowal,CLICK,handy easy use,2019-10-20,5.0
335,customer_review-R1LJFFT8FOA6IO,Lucky,Time pass,time pass,2019-01-30,2.0
337,customer_review-RSW2XL9LSG3OM,Manmeet Kaur,Poor Camera,poor quality pictures,2019-11-30,1.0
338,customer_review-R36784O2PJ1DK,Akriti chhetri,Nice,awsome camera,2019-08-21,5.0
339,customer_review-R3IHB8DFBLAZNY,Shifa,Not that good,picture dull,2019-08-21,5.0
340,customer_review-R2ZN7GP97K7WD3,Narola,Good,good overall,2019-12-04,4.0
341,customer_review-RRIUSHV9LON85,Hemanth Majji,Good,nice,2019-09-04,5.0
342,customer_review-R1AREF50EQGIT5,Puneet,Amazing product.,must buy,2018-12-17,5.0
343,customer_review-RX2E4VGO1V4A1,Pushkar jain,Awesome product,excellent photos old world charm,2018-04-15,5.0
344,customer_review-R230VPWZA00IN4,Manav g.,Good,really good,2019-08-29,5.0
345,customer_review-R1O9X8RDJ49CCV,Farzana,Great,best camera,2019-08-21,5.0
346,customer_review-R10H18CMGN2WBO,Shashwat Singh,Nice one,product really nice love,2018-11-28,5.0
347,customer_review-RHOG818WDTGWZ,Amazon Customer,Coolest gadget,one coolest gadget,2019-04-01,5.0
348,customer_review-R2O2MJGASQHBTC,Anihaa shah,Not worth,v bad pictures,2019-04-18,3.0
349,customer_review-R386H4JNIPEZN3,vikas,great,nice,2019-11-16,5.0
350,customer_review-RJWV2R1ZKH3GZ,Sanjay,Good,good,2019-01-10,5.0
351,customer_review-R1ZOGVZ5HK7WHB,Aarushi,Works fine,fine good quality,2019-01-17,3.0
352,customer_review-R1TDZSK138J79A,K. Da√≠,Cutest camera ever,loved camera,2019-08-01,5.0
353,customer_review-R39GT4CSEUO3AI,BARNIK,Good,good,2019-06-21,4.0
354,customer_review-RND1MJIUM260N,Amazon Customer,For toddlers playing....,waste money,2019-08-03,1.0
355,customer_review-R3OBT0UG9JHMC,Pinky,Good product,love amazing,2019-10-07,5.0
356,customer_review-R3MUAUR9ODH25M,Surbhi Jhawar,Good,better picture,2019-08-12,5.0
357,customer_review-R3TP8V1ETKYH10,Mihir Shah,Product,awesome,2019-03-16,5.0
358,customer_review-R1PCG2B2O8LL94,M,good,films expensive,2018-10-16,3.0
359,customer_review-R6MJLJMZL943M,Manoj Kumar Gupta,good,good low budget,2019-04-04,5.0
360,customer_review-R2KHY30YOK5BTA,Ajay kumar,Very good price,fun click,2019-04-16,4.0
361,customer_review-R3LVIA9ZU5YA1G,Amazon Customer,Great,great,2019-09-10,5.0
362,customer_review-R1KE46AVYROFVX,abhinav shahu,Good product but a bit less features,less features,2019-08-12,5.0
363,customer_review-R1BZARY9JO6U20,Dashmeet,Value of money,really value money product,2019-05-11,5.0
364,customer_review-RPDFRXRJ2UT6N,Amazon Customer,Very good product.,picture quality stylish easy use,2018-12-28,4.0
365,customer_review-R17ABXG8SB9LMG,Dr. Syed Mustansir,Five Stars,value money,2018-04-06,5.0
366,customer_review-R33C1FAQBXMT6A,Darshana Keshri,Adorable,best product,2018-09-20,5.0
367,customer_review-RW5IEAKGUCJZC,Ravi kumar,Worst product,waste item,2019-04-04,1.0
368,customer_review-R1M8R3KYGVJ1CB,Manju,Excellent,excellent,2019-03-19,5.0
369,customer_review-R2ELRYJOX0E1A5,tanmay,Awesome,satisfied,2018-12-23,5.0
370,customer_review-R346AW3AHZCPHQ,KONETIRAYULU,Perfect choose for gifting,good product,2019-03-01,5.0
371,customer_review-R16TPO5RDWGQ2,Amazon Customer,Satisfactory,pictures taken apear darker,2018-11-27,3.0
372,customer_review-R1RCY5Z3K6W3IH,pranav,Perfect flim to capture special memories,nothing dislike,2019-06-18,5.0
373,customer_review-R15STQW7ZJ4NHK,Amazon Customer,Five Stars,loved,2018-06-04,5.0
374,customer_review-R3I0H55OH00AOA,Sena,Worst,worst,2019-02-17,1.0
375,customer_review-R1ZJNHPIN5E9EZ,T.V.Srikrishnan Babu,Great,super,2019-04-06,5.0
376,customer_review-R2UXZWB07QTWYY,Nivedita Sen,Good product,good product,2019-01-31,4.0
377,customer_review-RU06NSLNJ1GDS,prashant,Nice,good,2019-10-27,4.0
378,customer_review-R269E7GFZST63P,Amazon Customer,Easy to use,nice,2019-11-05,5.0
379,customer_review-R17QOXGIE6H23O,Raunak Bardia,Good product,nice one,2019-02-21,5.0
380,customer_review-R3H46ZD7I9CE45,Siva,Nice,ok,2019-06-05,4.0
381,customer_review-R5LLAWV2WIZIG,Kunal p.,Good product,easy use good product,2018-12-18,4.0
383,customer_review-R2F0OGG4ACZ4MO,Garima,Too good,good product,2018-11-27,4.0
384,customer_review-R29SAYHJB9YP9D,jignesh nagodra,Good,good camera,2018-11-12,5.0
385,customer_review-R2NNYMVG61O7U6,Sharath,An amazing product,loved value money,2018-12-30,5.0
386,customer_review-R11C525COXYHHW,Rajat Tripathi,Good camera,good camera,2018-07-20,5.0
387,customer_review-R10QAS484QTPUV,keerthana pugalendhi,Good,good product,2018-11-03,5.0
388,customer_review-RWNXGF6BDT3RZ,Ruchi James,good,good,2019-06-24,5.0
389,customer_review-R19D8NKG87KBDQ,Jayesh hemlani,Great product,great product,2018-08-24,5.0
390,customer_review-R2U44TPHYKIUMC,Sanjana,Amazing. Worth the price.,loved product,2018-07-14,5.0
391,customer_review-R3GN2VSNEQF5YU,lalramchuana,Good,good,2018-10-31,5.0
392,customer_review-R1E41MRPR7QEMM,Ragul chakravarthy,Value,superb,2018-04-11,5.0
393,customer_review-R2XQ6AHPR5LXJQ,Ayesha,Nice,noce,2019-08-04,5.0
394,customer_review-R1WBKUC4Q5TSL,Kulsum Khan,Amazing!!,amazing product,2019-03-11,5.0
395,customer_review-RIBR8QFK58P0R,rajib ray baruah,Superb,nice picture quality,2018-11-28,5.0
396,customer_review-R1CI1JS36ENUZP,Kavina,Work,working,2018-08-31,5.0
397,customer_review-R2S1WX2NKKWODO,Navatha,Excellent quality,nice,2019-02-12,5.0
398,customer_review-RK0NILZ37W1RE,Kinnari patel,Value for money,easy use good gifting option,2018-12-12,5.0
399,customer_review-R127STOMV0O8L6,Jaideep,Bad product,bad product buy produ6,2018-11-03,1.0
400,customer_review-R2Y9E1HDTXUB8Q,Rekha,Worth it,really liked,2018-10-04,4.0
401,customer_review-R1BI1L2LLAMBP1,Hari,Good,good,2018-11-19,5.0
402,customer_review-ROYIH725XW7R1,Veena,Good,cool one em,2018-11-11,3.0
403,customer_review-R1OGLF0MNIXI2M,Nancy,"Best camera a must buy, best quality product from amazon",best best best,2019-02-19,5.0
404,customer_review-R2PAZM83BAPP9A,Azhar,Good,good,2018-12-30,5.0
405,customer_review-R3498MNI9ITROK,Bharti,amazed ‚ù§,love itttttttt,2019-01-08,5.0
406,customer_review-R14ELSENKDZ6XX,A to z,Ok types,ok types,2019-02-18,5.0
407,customer_review-R1EXMCK69WYWDX,Vineet,Quality,awesome,2018-07-23,5.0
408,customer_review-R2A0BBLSNMX277,Deepanshu garg,Ok,ok,2018-10-19,3.0
409,customer_review-R3PCUKEK1YUZ43,Nirvish Patel,Best one,nice one,2018-12-31,5.0
410,customer_review-R2XVIH2BHYOTT7,Nandini Singh,Good product but bad picture quality,picture quality low shown,2018-11-10,5.0
411,customer_review-R3F5K0UNVVIP16,Subham saha,Doubtful ‚úåÔ∏è,doubtful,2018-12-04,1.0
412,customer_review-R2ZDYBL565VOLM,manish Palabatla,Worst product,product working,2018-12-02,1.0
413,customer_review-R240ZH1R65D9WB,SV,Great Product,great,2018-11-06,5.0
414,customer_review-R2P62G26N6X457,Aravind K S,GOOD PRODUCT,good,2019-03-04,5.0
415,customer_review-R23FDZEQH0C1KN,Amazon Customer,Absolutely perfect,love thing,2018-07-30,5.0
416,customer_review-R17EOQYAS998U7,Snehangshu Talukdar,Thank you amazon,liked much,2018-02-25,5.0
417,customer_review-R169CAH3KNBBHF,nakul narang,Wow!,easy use,2018-12-13,5.0
419,customer_review-R36CAGB3MCSZYI,Sonika,good,nice,2019-01-26,4.0
420,customer_review-R3JIIB39RXW9SH,Chinu,Pics are awesome n fabulous,picture quality,2018-10-30,5.0
421,customer_review-RPXMRJ743W94B,Sravani,Nc,nc,2019-02-07,5.0
422,customer_review-R1NVZVAHFHBE8I,Visie Metha,Must buy,loved,2018-05-26,5.0
423,customer_review-R1J01O3D3XTU6Z,Neeti,Not happy,worth,2018-11-01,1.0
424,customer_review-R2CYVF1BEUVIL2,Amazon Customer,Its polaroid,okay,2018-10-16,5.0
425,customer_review-R35G5CABYPE676,Amazon Customer,It ws great,good,2018-12-16,5.0
427,customer_review-R14NV0PNXH0OZM,Shadab Khurshid,Three Stars,handy useful,2018-05-17,3.0
428,customer_review-R2F7YK7PRCU706,Varsha,Good,good,2018-10-17,4.0
429,customer_review-R33K2QA07HF6TX,balakrishnan,Four Stars,package opened,2018-04-07,4.0
430,customer_review-R3ISBHEYPE4PWK,Amazon Customer,Go for it,good buy,2018-05-31,5.0
431,customer_review-R1NBRSGBCNJJ50,Arun Benoy,Four Stars,good product,2018-05-02,4.0
433,customer_review-R1NWYRTGAFYFWA,Hem Sadan,Detailed hands-on review after using Instax Mini 9,instax mini 8 one favourite fun camera instant photo lovers keeping popularity mind fujifilm launched new instax mini 9 minor upgrades unlike countries instax mini 8 indian market successful attempt due less popularity instant cameras turn tables fujifilm come updated version equipped selfie mirror minor upgrades let get details box 1 camera 2 two aa non rechargeable batteries 3 strap 4 closeup lens 5 manuals sticker warranty card design unique retro design attractive pastel shades one major reason people love camera instant camera fujifilm keeping retro look intact renewed colour range cool colours like cobalt blue lime green ice blue flamingo pink smokey white weighs around 350 grams battery measures 456 x 466 x 269 inch also built plastic thats make look like toy camera improvements design includes tiny selfie mirror front camera lure selfie lovers close lens attachment help capture macro shots precisely hardware camera features 60 mm lens f127 aperture flash always light whether indoor outdoor also houses light sensor helps automatically adjust exposure per lighting condition need turn dial per indicator dedicated high key mode addition model maximize brightness comes set two aa batteries instead would recommend use rechargeable batteries need buy separately save bucks also photo count analogue meter back counts number shots remaining performance camera fun meant click ultra hd pictures like dslr better compare instant camera expect kind connectivity device want fun camera buy else regret press power button located near lens turn camera lens pop adjust exposure using rotating dial desired position suggested light sensor ready click retro looking pics clicking photo camera extract photo print top camera 23 seconds get shocked viewing blank picture photo take minute two get fully developed use first buy photo cartridge available market separately pocket friendly price putting cartridge camera able click 10 pictures inserting new cartridge verdict overall look feel camera like toy sharp edges eye soothing colour also process clicking photos really simple cost per photo economical per opinion everyone seeks buy camera since fun good budget spend instant camera many options better clarity larger photo capabilities ps review products amazon help fellow customers taking wise decisions try ensure everyones hard earned money get full worth always makes day know people find reviews helpful feel free comment queries,2017-10-13,4.0
434,customer_review-RRHRM2WGQO6HE,Ashok,Quality Product,bought camera daughter likes camera excites see result instantaneously satisfying good purchase,2017-11-11,4.0
435,customer_review-RQ0Q7RVL10L8R,Amazon Customer,Worth the price,packaging ok instructions pretty straight forward image quality pretty decent always check lighting go instructions carefully operating,2018-07-18,4.0
436,customer_review-R21FJZJZQ1X0Q9,Anukriti,Fun in mini,fun product well gifting purpose thing bothered ordered cobalt blue color received white one although liked colours still might acceptable others camera working fine pics nice quality welli enjoyed purchase,2018-12-14,5.0
437,customer_review-R37VX4RK15XRIN,Amazon Customer,Its not working now at all. I'm sorry to ...,working im sorry saybut films arent coming also films indicator rolling,2018-06-19,2.0
438,customer_review-R2Y8ZTOQF6NLG5,griraj,Used item,supposed gift recieved horrible shape think recieved used item box already open missing deal,2018-03-01,1.0
439,customer_review-R3JSA18GNNC7WO,Vanshika,Amazing product,perfect polaroid camera also shows count many films inside open lid check protects films getting exposed light getting spoiled also detects best suited mode pretty accurate love product,2018-01-17,5.0
440,customer_review-RHU9JX93NGXA1,Amazon Customer,Great Product,great product packaging absolutely fine defects product everything mentioned box included would also great could throw box 10 film pcs would convenient,2017-10-21,5.0
441,customer_review-R2K0OVW3TTUK9A,arun christian,Excellent buy,kid love itdon hesitate waste films since like old mobile camera needs opposite lighting capture pictures without blurselfie option goodread instructions carefully using first time buyers size film cons film bit expensive side,2018-07-26,5.0
442,customer_review-R1NMXS6AUELI5K,Tripti,meets expectation,delightful purchase remember photos takes atleast 90 secs develop information somehow lost manual rest meets expection,2018-05-13,5.0
443,customer_review-R3Y41J4851GJU,Tadrushi J.,Though I had to pay extra for the delivery but it was amazing that the item arrived perfectly on time and it ...,sisters birthday ordered last minute though pay extra delivery amazing item arrived perfectly time made day thanks,2018-02-09,5.0
445,customer_review-RZXYQ18JTFYR2,Rakesh gupta,One Star,camera malfunctioned 4 mode lights blinking continously,2018-01-08,1.0
446,customer_review-R148GC7YYDPEWJ,Harika E,Four Stars,nice instant camera pics good daylight night time pictures dull dark background,2018-03-16,4.0
447,customer_review-R1BR5BIL4DSZKN,Anirudh Kannepalli,Good delivery but used product,used product delivered initiated return soon opened package,2017-10-04,2.0
448,customer_review-R2MMABOB21KNX8,Shridhar sowmya,loved it......,go itloved really looks pretty working good gifted wifey loved happy thanks lot amazon,2017-12-09,5.0
449,customer_review-R3SQ08WOTSUYXD,Dharshini Shree,A must have one,u take cool selfie without worrying storage also best,2018-12-15,4.0
450,customer_review-R535QM1IIFEKI,avidshopper,Great buy had soo much fun with it just don't ...,great buy soo much fun dont expect much take time adjust get right,2018-01-07,5.0
451,customer_review-RGIJOYYXFMPAK,Niket B.,The good old days,like camera coz kid father used one sure gives nostalgia towards polaroid camera indeed easy use camera click bam polaroid appears slot thing didnt like extra film package included purchase meam company would given 1 extra film package would offer non refuse nonetheless like camera would recommend everyone try like old photos hold enjoy rather tham digital ones,2018-10-06,4.0
452,customer_review-R2SYP22WDIWW19,Kunaal,Fun Camera!,works good though photos turning bit darker may im familiar settings product good 100 recommend,2018-01-14,5.0
453,customer_review-R3FFEDW68NDG76,Aaratrika Lahiri,The camera quality is good and the pictures are coming out nice,camera comes pair double batteries closeup lens strap hang camera wrist camera quality good pictures coming nice overall worth purchase,2018-01-09,5.0
454,customer_review-R1X52Z9XPDNMME,Athreya Chidambi,Great for taking on any trip,great taking trip give people put fridge wall love waiting shot develop best outdoor shady areas bright areas tend get exposed,2018-02-15,5.0
455,customer_review-RBVC111K6JXD,Dr Anu R I,Must buy if you love photography and retro vintage stuff!,awesome cam canon dslr one different started monochrome film pictures soft edge captures essence composition automatic settings help adding gradient texture light shadows click extremely happy product,2018-07-10,5.0
456,customer_review-R2IF8KA5JBKNDR,Rish John George,Good product for the price,good product price decent photos go bigger camera budget,2017-10-26,5.0
457,customer_review-R3PVLEO8WHLSKO,Amazon Customer,tampered seal and camera not working,box looks old seal broken camera working film coming struggling getting replaced,2018-11-24,1.0
458,customer_review-R3K79TJCQEXMHC,Dane,Amazing....,amazing product worl well buy item genuinely problem,2017-12-09,5.0
459,customer_review-R31VQXDVWP9B7,N.V.Chalapathi Rao,Five Stars,good brings back memories polaroid 50 years back,2017-11-26,5.0
460,customer_review-R3VFPDQKMGVQ65,Paras Jain,Awesome. Cute colour,loved cute colour great finish great gift dont compare professional camera fun,2018-02-24,5.0
461,customer_review-RCJBSJ214DPVE,Vishal Jain,Good Product but price on Amazon is extra.,product good amazon charged extra proce even paytm perfect price product,2018-04-15,4.0
462,customer_review-RUDEK41COEOT9,ANIGOGNE,Nice camera,handy well packed delivered time product amazing suggest buy small bag separately camera thankyou,2017-12-02,5.0
463,customer_review-R3RM2DT7W93YX5,Magz,WORTH IT!,love camera got birthday gift always wanted one selfie mirror useful colour cobalt blue great film bit expensive side quality really good well packed instax mini box still intact really nice think totally worth,2018-02-25,5.0
464,customer_review-R1YLEIIVQRJQU3,abhi20,Fantastic Camera,fantastic product 8 year old nieces christmas gift loves,2017-12-28,5.0
465,customer_review-R3N67QXP0ZPYZC,Sancy,No warranty card,warranty cardplease provide warranty card,2017-11-10,4.0
466,customer_review-R1INPX9IFQ0OTV,Amazon Customer,Five Stars,nicelove colour,2018-03-01,5.0
467,customer_review-R19F1MNAR9J7B0,Bhumika,Five Stars,good camera think,2017-12-27,5.0
468,customer_review-R2IUJWOY2CQPPR,Jagan,Worth it !!,perfect causal fun photographers make memories packaging pretty good,2018-07-19,5.0
469,customer_review-R13YBWMDP4KFUT,SN Avinash,"Good camera, but how long are you gonna use it??",girlfriend happy gifted honestly guys show na mean hell gonna camera months later wont even touch trust nevertheless buy damn camera youre liking interest wears keep safely cupboard,2018-09-09,4.0
470,customer_review-R1F6JIFZCWTDMK,Manan Kanani,i gifted it to my best friend and she was dammm happy,gifted best friend dammm happy happiness face insisted rate 5 5 even quality best,2017-11-03,5.0
471,customer_review-R3KTEWJ2QXYS98,sheetal bafna,It has a problem,camera working could u help em fix problem,2018-01-27,1.0
472,customer_review-R3GTEBRJVA9EIM,keerthi,Color seems different from what I have seen in the ...,color seems different seen ads particular colour personally see product placing order,2018-01-14,5.0
473,customer_review-RAE794OL5TQ7T,dr purshotham,Five Stars,loved,2017-10-07,5.0
474,customer_review-R3654E5RC3MI8X,Vikas S.,Stylish design Camera,ordered daughter likes,2018-08-13,5.0
475,customer_review-R38DZ3UV0HIRWZ,Amazon Customer,Five Stars,nice camera given gift loved ones,2018-05-29,5.0
476,customer_review-R1DEJHHEI139IW,Sachi,Nice product.,nice cutethe color looks greatvery handy clicking photos ur travel journal,2018-05-19,5.0
477,customer_review-R37FA6AG749FS4,jakka madhavi,Five Stars,wonderful product loved,2018-03-28,5.0
478,customer_review-R1RYNBV5CMZI62,Amazon Customer,received the fujifilm instax9 in good condition. but it did not have the mentioned ...,received fujifilm instax9 good conditionbut mentioned 1 film pack free 10 sheets written boxdo get later taken box,2018-01-19,1.0
479,customer_review-RV8YQCEURD94O,Ravinder wasu,Love it,colour ice blue awesomeness overloaded camera love recommended side,2018-05-16,5.0
480,customer_review-R3N8Y6I22UBK9D,rajendra behera,Four Stars,good product one problem cant remove film cartridge eadily,2018-03-30,4.0
481,customer_review-RY8DEMESW0CXT,Pratishtha,No free film pack,product good deliver promise made written 10 sheets free,2018-05-14,3.0
482,customer_review-R1XA7BSTQ2PBF9,ANKIT DATTA,Superb! but....,says free 10 film pack theres film free buy one rest amazing instax,2018-01-20,4.0
483,customer_review-R3TA7OJ73LF8AG,Amazon Customer,Worth buying If you can afford the expensive film. 1 photo costs 40 inr.,great camera expensive film fast delivery posting fake review using month fun camera id rate 910 quality service amazon,2018-01-11,5.0
484,customer_review-R15JX9NE399Q70,Amazon Customer,Five Stars,camera amazing instant photos give smile worth money,2017-11-14,5.0
485,customer_review-R2WZ7CX1GKWSN2,sakshi j.,Five Stars,nice cleare photos,2017-11-23,5.0
486,customer_review-R1IB8XH2H8P358,Aashish,It's a very very good camera,nyc camera awesome item really good yr saaf photo hand hand woh bhi itne kam rate main camera paisa washul h bhai,2018-07-18,5.0
487,customer_review-R7YK72DNK8RTL,Hiral,Two Stars,want return product help,2017-12-02,2.0
488,customer_review-R5H7G05V52YSH,Pragya naulakha,"Very nice cam, i ordered one more to",nice cam ordered one gift,2017-10-14,5.0
489,customer_review-R3OYH12HTGK02G,Amazon Customer,A very nice product. Received it in a good condition,nice productreceived good conditionno cartridge available pack,2018-01-16,5.0
490,customer_review-R3O07I5WACYNKS,Rachel Ferrao,Worth it? Maybe.,kinda expensive knowing buy camera rolls separately high price camera good everything tad bit expensive together,2018-07-27,3.0
491,customer_review-R32MSO3MCX92B1,Rishav karmakar,Please refund my money back,product missing,2018-01-09,1.0
492,customer_review-R2611O7CM3OV8B,Amazon Customer,Four Stars,good one,2018-01-01,4.0
493,customer_review-R1AG3BU7HEUUUR,Shreya,Very good,best best buy camera good small size easily cary nice,2018-09-30,5.0
494,customer_review-R32J5YASRL3JL9,Harsh Thakar,Five Stars,incredibly fun using polaroid friends product handy easy use,2018-01-08,5.0
495,customer_review-R2DSM2B9T1LD51,Rohit,Five Stars,best,2018-02-27,5.0
496,customer_review-R3EWN6RP420741,Akshat,Free film is missing,got product written one free film got nothing,2018-05-05,2.0
497,customer_review-RFFRKLBXBY95P,Kinjaljain,Three Stars,dint got warranty card,2018-01-30,3.0
498,customer_review-R2UK813P5EV0PS,Brindhasanthoshkumar,Four Stars,superb,2017-10-06,4.0
499,customer_review-RR105KMGFRGRY,annpurna bhardwaj,Bakwass,photo taking fuddu cam,2018-06-30,1.0
500,customer_review-R3TNHGZ6E49CK2,Abhi,NO WARRANTY CARD?!,havent got warranty card,2018-01-05,3.0
501,customer_review-R2XM2X9OZ5ARTV,dr. deepak patil,Five Stars,amazingggg,2017-12-14,5.0
502,customer_review-RW3USV5UGBPXH,Samvit Patadia,Value for money,looking camera also print one good nice picture quality,2018-09-11,4.0
503,customer_review-R6A32HWVOYRN8,Amazon Customer,One Star,working,2018-02-23,1.0
504,customer_review-R2EHP22RELY0ST,Amazon Customer,Waste,waste money camera work,2018-06-12,1.0
505,customer_review-R1V9L2PRIKSG7S,Ambika arora,Bad product,camera isnt working fine,2018-07-10,1.0
506,customer_review-RXFDCRPMBQU8R,Indrani G,Awesome,loved,2018-10-14,5.0
507,customer_review-RO9ZOU8TQ5MNC,Amazon Customer,Four Stars,genuine,2018-03-17,4.0
508,customer_review-R3AQHAP08JHGYM,Umang T.,Bad output and films purchase along with camera were expired,films supplied expired sure impacts output quality worth price paid camera film along pictures come dark wasted nearly 10 photos trying master perfect picture luck first time giving 1 star product bought amazon,2018-01-31,1.0
509,customer_review-R1AQ6C8738B2M2,Meghomala,I love this more than I love myself,1010 amaze camera tumblr inner hipster forgot sad,2017-10-27,5.0
510,customer_review-RNYCTDAREC46F,Aishwarya,A very good cam,amazing camera box little damaged corners camera completely alright got mentioned attachments also pics clear clicked pics inside room without lights flash works great,2017-10-06,4.0
511,customer_review-R3U5DQ17TC4OTL,rohit radhakrishnan,Third rate. Absolute rubbish.,took pics darkblack absolutely useless item take look pic left right four films wasted initiated replacement refund today,2017-11-24,1.0
512,customer_review-R2CIQD27TL95EI,Isha,Five Stars,awesome camera easy handle selfie mirror small useful enhancement,2017-10-02,5.0
513,customer_review-R1I3WW5S38B2N9,Noufal,One Star,didnt get free 1 film pack 10 sheetsits cheating,2018-01-11,1.0
514,customer_review-R1GA6BKWG61GZQ,DGadgetians,Do not buy unless you want to spend on a collection gadget,worth buying professional use basic instant camera isnt durable terrible built entire plastic body awful exposure modes work,2017-12-04,1.0
515,customer_review-R3C9QGTOLLAOQT,Amazon Customer,Waste,found total waste good kids,2018-01-19,1.0
516,customer_review-R1X6F01XXLE8IO,Amar Chandani,Easy to use... good quality pics in bright light...,using since long time would like say pretty decent camera capture good picture light dark good good camera expect much quality,2019-08-04,5.0
517,customer_review-R3CAX094OW0C8R,Samriddhi,One Star,fake gifted friend working awful,2017-11-16,1.0
518,customer_review-R1XCWCTT79C0T3,Thomas KJ,Product not relevant in this digital era. Bought the ...,product relevant digital era bought fancy daughter,2018-06-01,1.0
519,customer_review-R2OZACMMYCZ8AV,Nisarg Vyas,Worth buying in this digital era!,product easy use picture quality good thing size photo bit small could come bigger picture size would great bought gift wife birthday digital era take millions photos phone forget helps create memories picture quality good times get dark pictures one advice use film judiciously,2018-09-26,4.0
520,customer_review-R2JAEL2WKWLDBK,Veena,This is just an expensive and fancy camera,dont really think camera awesome terms photo quality buy sake taking instant photospolaroid nostalgia fad better buy photo printer print pics instead oh film reallllyyyyy expensive makes look like fancy toy cant use always,2018-07-16,3.0
521,customer_review-R3R5BSW5YRP4Q,Chennai sports,Not as expected.,dislike,2018-07-31,1.0
522,customer_review-RXPTANFVYPDPU,Nikesh,Pay problem,return pay,2018-08-11,1.0
523,customer_review-R2YGLR9UYH7ZMG,Satyakam,Not for kids or non-ultra wealthy adults,takes cartridge gives 20 photos fits palm thousand bucks depending upon kids obsession clicking picture might need least 510000 daily maintain use buying high quality digital camera printer photo paper combinely cost way less want lesser hassle always print online worth,2019-10-18,2.0
524,customer_review-R2SXOWG9FW0XAV,Vishal,Per photo cost around Rs 50 as Films are way too Costly for this camera,product good per photo cost around rs 50 films wayy costly films provided also spend lot films,2018-07-17,1.0
525,customer_review-R369ZKYCMXSX3M,Ramesh,Two Stars,give back cover place films inside camers,2017-09-26,2.0
526,customer_review-R14IOXQ8Y4U4YP,Hem Sadan,Detailed hands-on review after using Instax Mini 9,instax mini 8 one favourite fun camera instant photo lovers keeping popularity mind fujifilm launched new instax mini 9 minor upgrades unlike countries instax mini 8 indian market successful attempt due less popularity instant cameras turn tables fujifilm come updated version equipped selfie mirror minor upgrades let get details box 1 camera 2 two aa non rechargeable batteries 3 strap 4 closeup lens 5 manuals sticker warranty card design unique retro design attractive pastel shades one major reason people love camera instant camera fujifilm keeping retro look intact renewed colour range cool colours like cobalt blue lime green ice blue flamingo pink smokey white weighs around 350 grams battery measures 456 x 466 x 269 inch also built plastic thats make look like toy camera improvements design includes tiny selfie mirror front camera lure selfie lovers close lens attachment help capture macro shots precisely hardware camera features 60 mm lens f127 aperture flash always light whether indoor outdoor also houses light sensor helps automatically adjust exposure per lighting condition need turn dial per indicator dedicated high key mode addition model maximize brightness comes set two aa batteries instead would recommend use rechargeable batteries need buy separately save bucks also photo count analogue meter back counts number shots remaining,2017-10-13,4.0
527,customer_review-R1NBO8UCBZ3WHN,Nidhi,Retro Classic and Easy to handle. Basic tho,product basic model instant camera range might know good beginners trophy cam people wanting polaroids memories although basic features good enough get lovely pictures taking pictures need intellectual properly understand exposure focus cam,2018-06-03,4.0
528,customer_review-R2C09PJ54SNJ74,Puja Agrawal,Buy a printer instead.,product appeared good initially images stopped showing film weird investing may result disappointment buy printer instead,2019-08-17,1.0
529,customer_review-R2J8PGU0I2970V,Amazon Customer,Don't buy it because they don't have a customer care center,working,2017-10-27,1.0
530,customer_review-R3TF76ZW2TIC44,Mastergods,Best instant camera,dilevery super fastif instant camera cheap alsoand best also know use please search youtube made plastici love camera using camera form 3months loving easy start change lense thank,2018-03-07,5.0
531,customer_review-R2YOATSM7GGD47,Rohan Dhanashri,No rolls and very expensive,film rolls polaroid already expensive upon rolls makes worse person gifted font even chance taste quality gift dont even get chance return,2019-06-12,1.0
532,customer_review-R2XQ2OI0TSDZ3I,Yasmin Mitha,good,photo claraty good picture dark,2019-11-08,5.0
533,customer_review-R12AVRW0GC5JN0,Amazon Customer,good camera. liked it,good camera liked good people love instant photos memories slow delivery amazon okay afterall great experience amazon,2018-01-14,4.0
534,customer_review-R138V33LV5M7DR,Pritesh,Not working the camera,dear sir bought camera working click pic come blank film sorry said u bad thing given amazon,2019-10-10,1.0
535,customer_review-R2SWORYRFDV8HB,Rishabh,Value for money,easy use amazing styled product image quality decent works amazingly clicked outdoors didnt expect quality price,2018-12-14,5.0
536,customer_review-R2KME7Y3AT2HL4,Yugma,best gift ever,ultimate productbest gift ever product delivered described best way creat long lasting memories dont think much buy,2018-03-20,5.0
537,customer_review-RF65XK8P5FDOD,Sahil gupta,Don't buy it,dont buy bad product photos dark bad quality,2018-09-19,1.0
538,customer_review-R1RK16XPXFAUCT,Amrut Kadam,Cheap product,happy product still request want accept product return refund money,2019-09-11,2.0
539,customer_review-R365ARM0D81VRG,Dhanraj,Not worth it,product provided required accessories bought separatelynot even sufficient information product provided,2019-03-26,1.0
540,customer_review-RXRB9252CJOUO,Santosh Karki,Awesome,nice productand happy product get sticker strap lens also along say value money,2018-01-11,5.0
541,customer_review-R1JOF1GYB1A6R8,Gunjan,A great product,great camera additional selfie lens definitely better previous versions polaroid stop working middle due issue batteries film apart minor problem amazing product must buy,2017-12-28,4.0
542,customer_review-R8IFXVLADNWEH,Amazon Customer,Gives a bit of a old touch in this new modern world...,best product ever,2017-10-19,5.0
543,customer_review-R25KHB6NBWMRF2,Pruthvi,Not working,product working light getting able return product also,2019-10-15,1.0
544,customer_review-R2ADZQ3UWRFU7U,shalini,Initially it was great but suddenly after two pictures the lit circle has ...,initially great suddenly two pictures lit circle stopped working,2018-03-30,1.0
545,customer_review-R3M863SU5AIH0X,Amazon Customer,I love it,like lot really nice clicks cute pictures quality really nice weird dont like even little bit product,2019-06-17,5.0
546,customer_review-R3QIP6ASQP6P3V,Rustam s,good product,handy picture quality ok way camera film somewhat expensive overall nice product worth money,2018-11-29,4.0
547,customer_review-R3QSDQIER96MWP,gagans157,toy for teenagers,regular toy teenages refills expansive,2018-09-22,2.0
548,customer_review-R3M4H4HT13UI4G,Shweta Gusain,Amazing Camera,mini 9 amazing entry level instant camera loved pictures justice description although indoor pictures little whitewashed fine,2018-10-13,5.0
549,customer_review-R1258VP5E5WACR,Mohit,Great product,bought 60 shots saved money always better carry extra cartridges travelling packed individually stored easily,2019-05-15,5.0
550,customer_review-R1QGGNQSIIECDP,swapnil,Best for instant picture.,ive purchased great indian sale product value money far product good picture quality decent,2018-10-14,5.0
551,customer_review-RCP2DL3RXN3UY,Arnav,The camera makes you feel like you're in the 90s,brother gifted birthday happy camera makes feel like youre 90s great long youre expecting crystal clear see everyone types pore pictures great chill friends perfect scrapbooking think main reason people buy nostalgia instant gratification see picture without waiting developed somewhere nice color,2017-10-12,5.0
552,customer_review-R1BJC3D2GCT6RY,SurajShindhe,Defective product,bought product defective ordered replacementthe product defective againboth times product defective,2019-01-28,1.0
553,customer_review-R2EXI12T20VKXI,Amazon Customer,I,bad product,2019-10-04,1.0
554,customer_review-RHMCCZ6TWRZ5A,Amazon Customer,Waste product,dont buy product fake product used product received satisfied product waste product,2019-02-21,1.0
555,customer_review-RFGYP5L1B35G0,Sk,Small photos,really liked photos size small,2018-08-29,3.0
556,customer_review-R1RCBY1TAMHF4,Satish Kumar Thumu,One Star,recommendedthe films costlyits better purchase digital camera instead camera,2017-12-28,1.0
557,customer_review-RS65JFIQFMX0W,Gryf-therin,Bought it last week and works absolutely fine. The flash is amazing and the picture quality ...,bought last week works absolutely fine flash amazing picture quality muuaaaahhhhhh,2018-03-04,5.0
558,customer_review-R50RSAJ25KTYR,Akhilesh Pandey,Not fulfill requirement,received without gift wrap,2019-05-08,2.0
559,customer_review-R3ROSPWLGKMR1T,Aditya Arora,Encroaching product,quite amazing product request dealers send sample films camera gather audience,2018-03-14,5.0
560,customer_review-R4LLMNDRS2EBH,SAPNA SHAH,Non affordable,expensive,2019-10-26,4.0
561,customer_review-R1CPMP9E90YFW2,Amazon Customer,Horrible product,horrible product guarantee return product buy,2018-08-18,1.0
562,customer_review-RK2CRTEQM46P9,Kaydee,Nice,nice,2019-10-09,5.0
563,customer_review-RSTU5GPC2T0PL,RAVI KUMAR BISOI,Good for travel and decor,fancy thing,2019-06-24,4.0
564,customer_review-R1XF0WNXQRZAG,Neha Pednekar,Perfect surprise gift,louv,2018-07-12,4.0
565,customer_review-RM2AJQWLG3KNB,Arnav,The camera makes you feel like you're in the 90s,brother gifted birthday happy camera makes feel like youre 90s great long youre expecting crystal clear see everyone types pore pictures great chill friends perfect scrapbooking think main reason people buy nostalgia instant gratification see picture without waiting developed somewhere nice color,2017-10-12,5.0
566,customer_review-RLEKGRY0IAFA7,subham singh,Amazon the best,nice camera,2018-03-13,5.0
567,customer_review-R1YZCH7AQE8SYT,Vanshita,this is amazing,like,2019-08-01,5.0
568,customer_review-R2ZWF2K16ATIGB,Rosmith,Click pics instantly anywhere,real fun gift surprise click pics instantly,2018-10-20,4.0
569,customer_review-RG0K9XDW7MEDY,sanchita,Product viee,amazing product,2019-10-08,5.0
570,customer_review-RUVVXGMFTE3N3,Jithin Reddy Inreddy,Happy to buy this!!!,value money,2018-10-22,5.0
571,customer_review-R1VIS96OWG88PX,Abhinav Reddy,Good,good product,2019-07-30,4.0
572,customer_review-R2U9K10UTIWB5I,Pratibha,It's an excellent experience to shop with amazon,buy sister happy got polaroid,2018-05-15,5.0
573,customer_review-RU0SMDVEXHX09,Amazon Customer,One Star,absolutely rubbish,2018-05-09,1.0
574,customer_review-RUB9BVDFGRWNH,RMT technical,it gives you instantly photo also it takes selfie,dont much money dslr cameraso camera right choice youi like camera specifications directly give photo clickcamera light camera film goodit takes mini shotsits good camerai youtube channel called rmt technical get camera make one video unboxing instax cameraif like review helfull please vote,2018-06-05,5.0
575,customer_review-R2U4P4SMUI1ROP,Sarhon Bey,Very good product,good product must buy,2018-09-22,5.0
576,customer_review-R1ZJYYRS3UBD6D,iamraviroy,Five Stars,value money,2018-01-24,5.0
577,customer_review-R3AM7S6JODXIJ5,VIKAS JAIN,Five Stars,perfectmy daughter loving,2018-01-31,5.0
578,customer_review-R1PBI2SX2HJXPH,Arnav,The camera makes you feel like you're in the 90s,brother bought gift birthday really happy camera quality makes feel like youre 90s great long youre expecting crystal clear see everyone types pore pictures great chill friends perfect scrapbooking think main reason people buy nostalgia instant gratification see picture without waiting developed somewhere nice color,2017-10-12,5.0
579,customer_review-R23JWIYWU51B2L,Arnav,The camera makes you feel like you're in the 90s,camera makes feel like youre 90s great long youre expecting crystal clear see everyone types pore pictures great chill friends perfect scrapbooking think main reason people buy nostalgia instant gratification see picture without waiting developed somewhere nice color,2017-10-12,5.0
580,customer_review-R31HR4SU46E97Q,Rukmani Kadian,It reached me nicely packed. The color is also beautiful and I ...,cute camera reached nicely packed color also beautiful love,2017-10-18,5.0
581,customer_review-ROPXA3P715MDG,Nimit Thawrani,Wanna publish a lovely review on youtube,hello sir youtuber interested reviewing product price low price good request please give one sample product make video review peoples know buy promise disappoint,2017-12-12,5.0
582,customer_review-RXZ5MT1QNWPLH,Shail Pancholi,Five Stars,takes amazing pictures print quality great,2017-11-08,5.0
583,customer_review-R158IZZYPWCLD0,imran k.,Four Stars,get cartridge thisif run,2018-01-31,4.0
584,customer_review-REY2C8WDEUO1S,Vidhi Choudhury,Nice,good product loved,2018-02-03,4.0
586,customer_review-RX7Y39B49YCES,Karan Rajan,Awesome,bought little camera whim curious works dont regret decision one bit amazing camera price many good features like exposure close shots even light balancing even instant camera photo quality films quite good develop really fast added extras like strap close lens really good also get wide variety film types like ones stripes colored film comic film etc etc get perfect memory pic overall amazing product definetely worth even full price,2019-11-01,5.0
587,customer_review-R1HU5SXZOPWG0R,Abinash Behera,Very nice product,awesome,2019-08-18,5.0
588,customer_review-RK2OOIK1XVXW1,plnchowdary,Nice,excellent,2019-10-07,5.0
589,customer_review-R35MHDR4O2KDRL,Karma B.,Very good,good,2019-09-05,5.0
590,customer_review-R22ITMCJ3HHYAB,Masarat,Costly,good costly amazon 500 10,2019-06-10,5.0
591,customer_review-R2TI4RENO82JQ,Amazon Customer,Its messed up after some use,bought camera took 8 pics suddenly nxt pictures started come blank image printed clue happening anyone solution help solve good selfie click certain distance click okay,2019-12-23,2.0
592,customer_review-R2SLDMJ5Q3O1FW,Hariraj,Very good tech.,excellent product easy follow instructions would like inform get following 1 camera 2 instamix films 3 batteries operate tech make sure follow instructions,2019-12-16,5.0
593,customer_review-R1W7ITIZKIBVZK,Ramna,Loved it,loved good,2019-12-24,5.0
594,customer_review-R2EXM3LSSH3TE9,Nitin k.s,It's good,good camera beginners,2019-12-21,5.0
595,customer_review-R3NBSSIGF7TV6,Amazon Customer,Good one,worth money filmis much expensive,2019-12-25,3.0
596,customer_review-R24IEK88HS3Y9Y,Karthika,She loved it :),really happy got lil sister,2019-12-18,5.0
597,customer_review-R7YEM563GWQIE,Neeharika Lorimer,Not working,work,2019-12-16,1.0
598,customer_review-R1NCIL5Z4GD74F,jothydev kesavadev,Can‚Äôt take photo print outs,fake cartridgeprint paper camera battery came along camera get time return,2019-12-24,1.0
